p,d,q,aic,bic
1,1,5,17112.20281963979,17154.060588756507
2,1,5,17113.86431824581,17161.701768664912
5,1,1,17115.527493896418,17157.385263013133
3,1,5,17115.77951213456,17169.59664385605
3,1,4,17116.620979243,17164.458429662103
5,1,2,17117.247613092,17165.085063511102
4,1,5,17117.585232014346,17177.382045038223
4,1,3,17118.60075340658,17166.43820382568
5,1,4,17118.928010513115,17178.72482353699
5,1,3,17120.38714315211,17174.204274873602
5,1,5,17120.420281146864,17186.19677547313
3,1,3,17122.386272563464,17164.24404168018
5,1,0,17130.22040295974,17166.098490774068
2,1,2,17131.100504286427,17160.998910798367
2,1,3,17131.796254464898,17167.674342279224
3,1,2,17131.954085697667,17167.832173511993
0,1,5,17132.29161099969,17168.169698814017
4,1,2,17132.48036446405,17174.338133580764
0,1,4,17132.573370165697,17162.471776677638
2,1,4,17132.95178713982,17174.809556256536
1,1,4,17133.423776688487,17169.301864502813
3,1,0,17133.786462462467,17157.705187672018
4,1,1,17133.89526166986,17169.773349484185
4,1,0,17134.270386586442,17164.168793098383
3,1,1,17135.015503066326,17164.913909578267
3,0,2,17135.81769426222,17177.677859408395
2,2,3,17135.994660061264,17171.870693432837
4,1,4,17136.3841509747,17190.20128269619
2,2,4,17136.771226200963,17178.6265984678
3,0,3,17136.983605499874,17184.82379423836
4,0,2,17137.07731701865,17184.917505757137
0,2,5,17137.582132015785,17173.458165387357
1,0,5,17137.661851312325,17185.50204005081
5,0,2,17137.860086589706,17191.680298920503
1,0,4,17138.246073410453,17180.10623855663
3,0,4,17138.286832842634,17192.10704517343
4,0,3,17138.869247427814,17192.68945975861
2,0,4,17138.978467141602,17186.818655880088
1,1,3,17139.019111149915,17168.917517661856
3,2,4,17139.265498829798,17187.100209991895
4,0,0,17139.269814747047,17175.149956300913
4,2,3,17139.49019135638,17187.324902518478
5,0,1,17139.710530138225,17187.55071887671
5,0,0,17140.110827587996,17181.970992734172
5,0,3,17140.560806226367,17200.361042149474
5,2,1,17140.60437509494,17182.459747361776
4,0,1,17140.695042594092,17182.555207740268
4,2,1,17140.695698574375,17176.571731945947
4,0,4,17140.808591080786,17200.608827003893
4,2,2,17141.069671052715,17182.925043319552
1,2,5,17141.125611746138,17182.980984012975
3,0,5,17141.533069064502,17201.33330498761
5,2,4,17141.948374840613,17201.741763793238
2,0,5,17142.24310077171,17196.063313102506
4,0,5,17142.279233474997,17208.059492990415
5,0,4,17142.34098473675,17208.12124425217
3,2,2,17142.417546194454,17178.293579566027
5,2,2,17142.55105895299,17190.38577011509
0,1,3,17142.620191171885,17166.538916381436
4,2,5,17143.011557840342,17202.804946792967
3,2,1,17143.612085942303,17173.508780418615
5,0,5,17143.626469420993,17215.38675252872
5,2,3,17144.327980184033,17198.142030241394
2,0,3,17144.410551958463,17186.27071710464
4,2,4,17144.48051624799,17198.29456630535
3,2,5,17145.23078605266,17199.04483611002
1,0,3,17147.363081122206,17183.243222676072
0,2,4,17147.51846756266,17177.41516203897
5,2,5,17147.77369621925,17213.546424067135
3,2,3,17150.51533111622,17192.370703383058
2,1,1,17152.009403438242,17175.928128647793
1,1,2,17156.887064103525,17180.805789313075
2,2,5,17158.540423429367,17206.375134591464
0,1,2,17159.210406170354,17177.14945007752
2,0,2,17159.859630143517,17195.739771697383
2,1,0,17160.03991285296,17177.978956760126
1,1,0,17160.250491914172,17172.209854518947
0,1,1,17160.792897199048,17172.752259803823
1,1,1,17161.21177930844,17179.150823215605
1,2,3,17161.606795942498,17191.50349041881
1,0,2,17162.129371472332,17192.029489433884
2,0,0,17163.363722695314,17187.283817064555
3,0,0,17163.69912053294,17193.59923849449
0,2,3,17163.92309218603,17187.840447767077
2,0,1,17164.55609419122,17194.45621215277
1,0,1,17164.60767070009,17188.52776506933
2,2,1,17164.82577965898,17188.743135240027
1,2,1,17164.984480063576,17182.922496749365
0,2,2,17165.590210278806,17183.528226964594
1,2,2,17165.965555797113,17189.88291137816
3,0,1,17166.95757727706,17202.837718830924
1,2,4,17167.76818789901,17203.644221270584
2,2,2,17168.83782062371,17198.734515100023
1,0,0,17251.33254855789,17269.27261933482
0,2,1,17252.021313175992,17263.979990966516
5,2,0,17569.770290310527,17605.6463236821
4,2,0,17659.936141209088,17689.8328356854
3,2,0,17855.814072903173,17879.73142848422
2,2,0,18048.177469313494,18066.115485999282
1,2,0,18213.800546440518,18225.759224231042
0,0,5,20257.409608886963,20299.26977403314
0,0,4,21053.23675953687,21089.116901090736
0,0,3,22284.518821069087,22314.41893903064
0,0,2,24172.224228342835,24196.144322712076
0,0,1,26875.754316710794,26893.694387487725
