date,value,label,note,nrcs_raw_qc_flag,nrcs_edited_this_value,is_noise,predicted_value,residual,deviation_score,predicted_noise
2015-10-21,1.0,noise,WTEQ 0.0 but SNWD 1.0,V,True,True,0.9063623921542875,0.09363760784571251,1.2229015955827072,False
2015-10-22,1.0,noise,WTEQ 0.0 but SNWD 1.0,V,True,True,0.9694723884382236,0.030527611561776413,0.39868879339312224,False
2015-10-23,1.0,noise,,V,True,True,1.045452436342111,0.045452436342110936,0.5936061183608502,False
2015-11-22,4.0,good,,V,False,False,5.039453685854474,1.0394536858544736,0.8240502794101874,False
2015-12-09,11.0,good,,V,False,False,12.838279579792886,1.8382795797928857,0.6744907594765952,False
2015-12-17,29.0,good,,V,False,False,29.05827266123627,0.05827266123626984,0.024700533729150553,False
2015-12-20,37.0,good,,V,False,False,36.14041465728454,0.8595853427154623,0.23127445379817316,False
2015-12-28,53.0,good,,V,False,False,52.6073877330701,0.3926122669299019,0.2870934686956078,False
2015-12-29,52.0,good,,V,False,False,53.855737355495656,1.8557373554956555,1.371978424186548,False
2016-01-29,73.0,good,,V,False,False,75.89368266823597,2.893682668235968,0.745264201753309,False
2016-01-31,80.0,good,,V,False,False,75.38269506671607,4.617304933283933,1.0762512231806853,False
2016-02-07,71.0,good,,V,False,False,72.5132412242658,1.5132412242657978,0.6744907594765952,False
2016-02-22,72.0,good,,V,False,False,73.67693092349194,1.6769309234919376,0.6683191765103917,False
2016-03-03,60.0,good,,V,False,False,60.79809802513019,0.7980980251301872,0.2757721035462767,False
2016-03-10,82.0,good,,V,False,False,82.02882195364977,0.028821953649767806,0.006056115115898158,False
2016-03-17,93.0,good,,V,False,False,97.47537692103118,4.4753769210311845,0.9076594370934178,False
2016-03-18,88.0,good,,V,False,False,93.59916054049303,5.599160540493031,1.1355760629897054,False
2016-03-24,85.0,good,,V,False,False,87.54203803972655,2.542038039726549,0.6662647145230611,False
2016-03-31,79.0,good,,V,False,False,80.08634714535131,1.0863471453513114,0.38785906286129984,False
2016-05-02,31.0,good,,V,False,False,31.768980884821733,0.7689808848217332,0.2045026475752191,False
2016-05-12,5.0,good,,V,False,False,9.712064227669002,4.712064227669002,1.3726081755266037,False
2016-05-16,0.0,good,,V,False,False,0.3970245192966059,0.3970245192966059,0.8529727917823504,False
2016-06-10,1.0,noise,"Constant SNWD spikes at 1.0, no data for WTEQ",V,True,True,2.1133728855722882e-18,1.0,14.83948526762892,True
2016-06-11,0.0,good,,V,False,False,1.1718623771095635,1.1718623771095635,12.524328811280052,True
2016-06-20,0.0,good,,V,False,False,0.13909004418782336,0.13909004418782336,2.0640246615990594,False
2016-07-11,0.0,good,,V,False,False,2.0347825019651915,2.0347825019651915,3.633805921576182,True
2016-07-14,0.0,good,,V,False,False,0.19324514560355874,0.19324514560355874,1.4338292456124075,False
2016-07-30,120.0,noise,SNWD 120.0 when next day is 0,S,True,True,92.16094290397933,27.839057096020667,0.7362198635711704,False
2016-07-31,0.0,good,,V,False,False,121.24511455712604,121.24511455712604,3.5294064960396794,True
2016-08-07,1.0,noise,1.0 when should be 0,V,True,True,0.9500845265115406,0.04991547348845937,0.46464522070687747,False
2016-08-12,0.0,good,,V,False,False,0.0061933391312065985,0.0061933391312065985,0.06728695900893647,False
2016-08-30,0.0,good,,V,False,False,-0.05691665715272951,0.05691665715272951,0.4786808052614261,False
2016-09-04,1.0,noise,1.0 when it should be 0,V,True,True,6.307791158532091e-19,1.0,5.442899934827457,True
2016-09-05,1.0,noise,should be 0,V,True,True,1.1718623771095635,0.17186237710956354,0.6194728256170579,False
2016-09-11,0.0,good,,V,False,False,0.0305276115617764,0.0305276115617764,0.29607571163762203,False
2016-09-15,1.0,noise,should be 0,V,True,True,1.1718623771095635,0.17186237710956354,0.6744907594765952,False
2016-10-08,1.0,noise,,V,True,True,-0.2593066458240693,1.2593066458240694,1.0938823102665771,False
2016-10-10,1.0,noise,,V,True,True,1.1634243166183929,0.16342431661839285,0.45706410865346725,False
2016-10-29,1.0,noise,,V,True,True,1.2882262031263316,0.2882262031263316,0.22997289646182445,False
2016-10-30,9.0,good,,V,False,False,1.0243342724305697,7.97566572756943,6.6521291189376255,True
2016-11-09,1.0,noise,,V,True,True,1.2416537263262333,0.24165372632623328,0.6744907594765952,False
2016-11-26,29.0,good,,V,False,False,16.997980419185005,12.002019580814995,3.6818515178239326,True
2016-12-14,16.0,good,,V,False,False,16.828815584891544,0.8288155848915437,0.6744907594765952,False
2016-12-18,16.0,good,,V,False,False,15.24718432390699,0.7528156760930091,0.47592230405304703,False
2016-12-22,17.0,good,,V,False,False,15.841844050133009,1.158155949866991,0.7021497805260144,False
2016-12-28,27.0,good,,V,False,False,27.18057697540461,0.18057697540460893,0.6301930332032702,False
2017-01-18,108.0,good,,V,False,False,93.82455177683275,14.175448223167251,1.5671893231496006,False
2017-01-22,147.0,good,,S,False,False,130.63984863420941,16.360151365790585,1.5994332435817928,False
2017-02-10,130.0,good,,V,False,False,128.54601649961955,1.4539835003804455,0.37569519887463204,False
2017-02-17,131.0,good,,V,False,False,122.27188791273005,8.728112087269949,1.9776125854026356,False
2017-02-21,167.0,good,,V,False,False,159.26759622634762,7.732403773652379,2.4873321005676874,False
2017-02-28,157.0,good,,V,False,False,159.03262367962282,2.032623679622816,0.6744907594765952,False
2017-03-25,139.0,good,,V,False,False,144.15680276446534,5.15680276446534,1.2720655781505683,False
2017-03-28,139.0,good,,V,False,False,141.6342056047675,2.6342056047674873,0.6865833157144715,False
2017-04-09,143.0,good,,V,False,False,148.75181794049126,5.751817940491264,0.6590115908459638,False
2017-04-24,131.0,good,,V,False,False,128.92705075285954,2.072949247140457,0.758082995872037,False
2017-05-07,100.0,good,,V,False,False,103.66569168306364,3.665691683063642,0.9120504824475787,False
2017-05-09,94.0,good,,V,False,False,96.30147080759427,2.3014708075942707,0.591885972854197,False
2017-05-30,35.0,good,,V,False,False,37.664557018166505,2.664557018166505,0.6740808477792979,False
2017-06-07,8.0,good,,V,True,False,10.558537372502371,2.5585373725023715,0.6744907594765952,False
2017-06-10,0.0,noise,,V,True,True,5.061737825568649,5.061737825568649,1.9035834056947605,False
2017-06-28,1.0,noise,,V,True,True,0.5859311885547818,0.41406881144521823,0.6744907594765952,False
2017-07-19,0.0,good,,V,False,False,-8.114012657975668e-53,8.114012657975668e-53,1.8019961318440427,False
2017-09-16,0.0,good,,V,False,False,-2.1473489523911668e-229,2.1473489523911668e-229,0.07496982931939189,False
2017-10-15,2.0,noise,,V,True,True,2.0715480567751063,0.07154805677510634,0.16826060228747272,False
2017-11-25,11.0,noise,,V,True,True,12.664975800026548,1.6649758000265482,0.38711985846261143,False
2017-11-26,8.0,good,,V,False,False,10.900938216731964,2.900938216731964,1.1751858621410731,False
2017-12-12,15.0,good,,V,False,False,15.156937552329229,0.15693755232922868,0.12085947167949737,False
2017-12-22,17.0,good,,V,False,False,18.138650960093567,1.1386509600935675,0.6744907594765952,False
2017-12-28,16.0,good,,V,False,False,15.740883302375511,0.2591166976244885,0.6744907594765952,False
2018-01-06,13.0,good,,V,False,False,11.749912853626585,1.2500871463734153,0.6744907594765952,False
2018-01-11,13.0,good,,V,False,False,13.688230947397738,0.6882309473977379,0.5484024650633192,False
2018-01-14,12.0,good,,V,False,False,12.036042988691875,0.036042988691875166,0.04368099426576372,False
2018-01-21,15.0,good,,V,False,False,14.655977180178926,0.34402281982107397,0.09631841033896239,False
2018-01-26,36.0,good,,V,False,False,40.342082765872895,4.342082765872895,2.237612712007355,False
2018-01-28,30.0,good,,V,False,False,31.308847901492534,1.308847901492534,0.6744907594765952,False
2018-02-08,19.0,good,,V,False,False,19.136551897669904,0.1365518976699036,0.09825597725371783,False
2018-02-09,19.0,good,,V,False,False,19.17235039091109,0.17235039091109172,0.14143141859936922,False
2018-02-13,20.0,good,,V,False,False,20.25930664582407,0.2593066458240685,0.1722129347768743,False
2018-02-17,18.0,good,,V,False,False,17.78917195083749,0.21082804916251163,0.1527904594586908,False
2018-02-26,43.0,good,,V,False,False,23.29616626582082,19.70383373417918,5.3223932386091874,True
2018-04-10,40.0,good,,V,False,False,39.72098566151771,0.2790143384822912,0.08801573247563385,False
2018-04-13,41.0,good,,V,False,False,43.72186884133162,2.72186884133162,0.8066568017521242,False
2018-05-06,5.0,good,,V,True,False,6.586788951798681,1.586788951798681,0.7181480138328525,False
2018-05-11,6.0,good,,V,True,False,6.391909925722729,0.39190992572272876,0.9097525094188724,False
2018-05-12,6.0,good,,V,True,False,6.018140933299363,0.01814093329936295,0.04211110387638415,False
2018-05-19,1.0,noise,SNWD 1 but WTEQ 0,V,True,True,1.3419680466606903,0.34196804666069025,0.8420755233912359,False
2018-05-20,1.0,noise,,V,True,True,1.0006779620011075,0.0006779620011074794,0.0026724859480715853,False
2018-06-03,0.0,good,,V,False,False,-0.03579849324118835,0.03579849324118835,0.05669372686920028,False
2018-06-05,1.0,noise,,V,True,True,0.10650765946566372,0.8934923405343362,3.8447307102382324,True
2018-06-20,0.0,good,,V,False,False,-0.011464220810618606,0.011464220810618606,0.08100018230124208,False
2018-06-26,0.0,good,,V,False,False,8.758271125214564e-19,8.758271125214564e-19,0.6744907594765952,False
2018-07-03,0.0,good,,V,False,False,-4.376910930459337e-36,4.376910930459337e-36,0.7857325002375649,False
2018-09-17,1.0,noise,,V,True,True,1.1718623771095635,0.17186237710956354,0.6744907594765952,False
2018-09-21,0.0,good,,V,False,False,0.13909004418782336,0.13909004418782336,1.016730123822744,False
2018-10-16,1.0,noise,,V,True,True,0.7588342874752937,0.2411657125247063,0.13981489150347348,False
2018-10-22,2.0,noise,,V,True,True,1.9823424400581748,0.017657559941825163,0.20925088737566605,False
2018-10-23,2.0,noise,,V,True,True,1.9240199520961128,0.07598004790388724,0.9004014427313132,False
2018-10-27,1.0,noise,,V,True,True,1.0061933391312066,0.0061933391312065655,0.09190596479496922,False
2018-10-29,1.0,noise,,V,True,True,1.0305276115617765,0.030527611561776524,0.6744907594765952,False
2018-10-30,1.0,noise,,V,True,True,0.954547563657889,0.04545243634211105,4.950035458897846,True
2018-11-01,1.0,noise,,V,True,True,1.0,0.0,0.0,False
2018-11-17,2.0,noise,,V,True,True,2.011464220810619,0.01146422081061882,0.06727097802567603,False
2018-11-24,14.0,good,,V,False,False,19.462716192357643,5.462716192357643,1.1166553373736805,False
2018-11-30,25.0,good,,V,False,False,25.37319142036501,0.37319142036501063,0.0688605102589153,False
2018-12-13,25.0,good,,V,False,False,24.99126851435087,0.008731485649128956,0.011810888804805311,False
2018-12-18,27.0,good,,V,False,False,26.011723936711967,0.9882760632880334,0.9676861568839172,False
2018-12-28,34.0,good,,V,False,False,34.040152535012645,0.04015253501264482,0.02391173883763836,False
2018-12-31,33.0,good,,V,False,False,34.13260327989866,1.1326032798986603,9.04936702525392,True
2019-01-12,62.0,good,,V,False,False,62.97999433176241,0.9799943317624127,0.32220880036769534,False
2019-01-23,88.0,good,,E,False,False,92.145286552547,4.145286552547006,1.2623430821097896,False
2019-01-27,81.0,good,,V,False,False,82.95663599691233,1.9566359969123255,1.1337831904228879,False
2019-01-30,77.0,good,,V,False,False,77.74391410313895,0.7439141031389482,0.366366665424642,False
2019-02-14,130.0,good,,V,False,False,127.45299051070786,2.5470094892921367,0.40568045950197446,False
2019-02-19,143.0,good,,V,False,False,145.60476357924864,2.6047635792486403,0.5685146832019367,False
2019-02-21,140.0,good,,V,False,False,144.19147540856846,4.191475408568465,0.914829788405739,False
2019-03-11,159.0,good,,V,False,False,161.06511157879513,2.0651115787951255,0.7793543171934221,False
2019-04-01,142.0,good,,V,False,False,143.57006621458183,1.5700662145818285,0.4131080667528865,False
2019-04-21,119.0,good,,V,False,False,121.04613503878721,2.046135038787213,0.6744907594765952,False
2019-05-08,76.0,good,,V,False,False,77.5190836866479,1.5190836866479032,0.41017696208763615,False
2019-07-01,0.0,good,,V,False,False,1.3510151574004007e-25,1.3510151574004007e-25,1.544958006178087,False
2019-07-08,1.0,noise,,V,True,True,3.895455192044722e-50,1.0,7.713378696992934,True
2019-07-13,0.0,good,,V,False,False,0.07598004790388727,0.07598004790388727,0.8120399815140783,False
2019-09-22,1.0,noise,,V,True,True,-0.02433427243056979,1.0243342724305697,2.6022751055371414,False
2019-09-30,2.0,noise,,V,False,True,1.1718623771095635,0.8281376228904365,1.0972374372660187,False
2019-10-06,1.0,noise,,V,True,True,1.1569375523292291,0.15693755232922912,0.6744907594765952,False
2019-10-15,1.0,noise,,V,True,True,-0.12987054473716847,1.1298705447371684,0.6835195904061696,False
2019-10-26,1.0,noise,,V,True,True,-0.05588927057253783,1.0558892705725378,1.7199739182140317,False
2019-10-29,2.0,noise,,V,True,True,1.85471661668097,0.1452833833190299,0.44761107224055235,False
2019-11-06,1.0,noise,,V,True,True,-0.17186237710956348,1.1718623771095635,8.441163362919765,True
2019-11-13,1.0,noise,,V,True,True,1.221777850598023,0.22177785059802302,0.1939722521964974,False
2019-11-14,1.0,noise,,V,True,True,1.0558892705725378,0.055889270572537786,0.08203493687523755,False
2019-11-16,1.0,noise,,V,True,True,2.118608547376732,1.118608547376732,4.258077328325503,True
2019-12-11,41.0,good,,V,False,False,34.814756049562526,6.185243950437474,1.1166545340193272,False
2020-01-28,61.0,good,,V,False,False,63.33115047694568,2.3311504769456803,0.9340580933549324,False
2020-02-08,53.0,good,,V,False,False,54.44750431896729,1.4475043189672903,0.798452514793738,False
2020-02-10,53.0,good,,V,False,False,52.88270608172483,0.11729391827517333,0.36405094877253324,False
2020-02-11,53.0,good,,V,False,False,52.972205123599714,0.027794876400285773,0.08626833576145511,False
2020-02-23,46.0,good,,V,False,False,45.86485857358342,0.1351414264165811,0.09571707579966844,False
2020-03-22,73.0,good,,V,False,False,74.3501486333434,1.3501486333433945,0.4343730337921225,False
2020-04-14,58.0,good,,V,False,False,59.10451109690053,1.1045110969005307,0.28711848578802884,False
2020-04-23,40.0,good,,V,False,False,40.88451345509448,0.8845134550944778,0.3166450351231857,False
2020-05-01,15.0,good,,V,False,False,18.740347117870815,3.740347117870815,0.7892029161720536,False
2020-05-04,8.0,good,,V,True,False,8.817844018326443,0.8178440183264435,0.18581408894874443,False
2020-05-19,1.0,noise,,V,False,True,1.0114642208106186,0.011464220810618597,0.0075983428077747075,False
2020-05-23,1.0,noise,,V,True,True,0.823527873165109,0.176472126834891,0.2441787681730839,False
2020-05-30,0.0,good,,V,False,False,-0.022726218171055437,0.022726218171055437,1.34898151895319,False
2020-06-03,0.0,good,,V,False,False,-1.8190332051361463e-19,1.8190332051361463e-19,0.6224281467314923,False
2020-06-16,1.0,noise,,V,True,True,0.006193339131206611,0.9938066608687934,3.900291737702209,True
2020-06-19,0.0,good,,V,False,False,-0.13289670505661674,0.13289670505661674,0.6392986384484768,False
2020-07-30,95.0,noise,Random spike at 95.0 with no data either side,S,True,True,91.22873235724926,3.771267642750743,inf,True
2020-09-12,0.0,good,,V,False,False,1.812529638590201e-43,1.812529638590201e-43,6.317306098073858e-07,False
2020-09-13,0.0,good,,V,False,False,1.0458252938469818e-43,1.0458252938469818e-43,1.822536156003493e-07,False
2020-09-15,57.0,noise,Big spike of 57 SNWD,S,True,True,-2.1902463503215077e-44,57.0,8.869904596818264,True
2020-09-16,61.0,noise,Continuing the big spike now at 61 SNWD,S,True,True,66.79615549524513,5.796155495245131,0.6744907594765952,False
2020-09-17,57.0,noise,"Continuing spike now at 57 SNWD again, next day it drops to 0",S,True,True,61.33442917795947,4.334429177959471,0.5043916490055718,False
2020-10-03,1.0,noise,,V,True,True,0.9368900037160639,0.0631099962839361,0.41701523994564377,False
2020-10-06,3.0,noise,,V,True,True,1.0,2.0,2.9147839590653377,False
2020-10-08,2.0,noise,,V,True,True,4.15947569884715,2.1594756988471504,2.1237672336569435,False
2020-10-15,1.0,noise,,V,True,True,0.8397428621933655,0.16025713780663453,0.0808652375969257,False
2020-10-17,1.0,noise,,V,True,True,2.336692524537289,1.336692524537289,1.3302187441711206,False
2020-10-21,0.0,good,,V,False,False,0.0821733870350939,0.0821733870350939,0.05823106403755131,False
2020-10-31,2.0,noise,,V,True,True,3.0759800479038875,1.0759800479038875,1.6445061030702648,False
2020-11-18,18.0,good,,V,False,False,11.6322054367913,6.367794563208699,2.906120992170187,False
2020-11-23,14.0,good,,V,False,False,14.869271136867434,0.8692711368674342,0.6744907594765952,False
2020-12-15,21.0,good,,V,False,False,21.99849279951765,0.9984927995176491,0.24385503148724347,False
2021-01-04,37.0,good,,V,False,False,32.44033959267702,4.55966040732298,1.1224598441257363,False
2021-01-11,34.0,good,,V,False,False,34.6291414156871,0.6291414156871014,0.3111361902889396,False
2021-01-16,30.0,good,,V,False,False,30.17537655123054,0.17537655123053852,0.13208242027630404,False
2021-01-23,32.0,good,,V,False,False,30.43736236206484,1.5626376379351612,0.8073965367448054,False
2021-02-04,75.0,good,,V,False,False,76.75815534837434,1.7581553483743448,0.5290820611905288,False
2021-02-21,72.0,good,,V,False,False,76.6801605937027,4.680160593702695,1.5598847907255773,False
2021-03-11,73.0,good,,V,False,False,70.64549896501465,2.354501034985347,0.6744907594765952,False
2021-03-29,62.0,good,,V,False,False,62.62369750150271,0.6236975015027113,0.22172000563335645,False
2021-04-09,36.0,good,,V,False,False,40.010629970703974,4.010629970703974,0.9685326912552435,False
2021-04-16,24.0,good,,V,True,False,24.439638394330306,0.4396383943303057,0.21269028380276125,False
2021-04-26,7.0,good,,V,True,False,6.4194649471163165,0.5805350528836835,0.14844731182962995,False
2021-07-15,0.0,good,,V,False,False,-4.372094964956461e-77,4.372094964956461e-77,0.6744907594765952,False
2021-07-21,0.0,good,,V,False,False,7.34497950817363e-95,7.34497950817363e-95,0.6744907594765952,False
2021-09-02,1.0,noise,,V,True,True,0.9938066608687934,0.0061933391312065655,0.03288788906057252,False
2021-09-19,1.0,noise,,V,True,True,0.06310999628393607,0.9368900037160639,2.380126877441921,False
2021-09-23,0.0,good,,V,False,False,-0.02433427243056981,0.02433427243056981,0.06622450491321101,False
2021-09-30,2.0,noise,,V,True,True,3.526861403939729,1.526861403939729,0.6744907594765952,False
2021-10-05,1.0,noise,,V,True,True,1.0481851715036017,0.04818517150360169,0.14955470548353392,False
2021-10-10,0.0,good,,V,False,False,2.1961966495401333,2.1961966495401333,1.0552110568824242,False
2021-10-28,10.0,good,,V,False,False,11.453822990550593,1.4538229905505933,0.3820894626452206,False
2021-10-31,4.0,good,,V,False,False,5.494567160995411,1.4945671609954108,1.013657740405787,False
2021-11-02,2.0,good,,V,False,False,2.99448926331389,0.99448926331389,0.6744907594765952,False
2021-11-04,1.0,noise,,V,True,True,0.8221388724027994,0.17786112759720063,0.1358987530766641,False
2021-11-23,4.0,noise,,V,True,True,3.117190441316798,0.8828095586832019,0.42325290123556303,False
2021-12-01,1.0,noise,,V,True,True,0.09363760784571246,0.9063623921542876,3.020569654944293,True
2021-12-05,1.0,noise,,V,True,True,2.1413347655477875,1.1413347655477875,2.256078300655634,False
2022-01-04,94.0,good,,V,False,False,93.8317429086966,0.16825709130340272,0.06083466425839886,False
2022-01-05,90.0,good,,V,False,False,94.07271403257775,4.07271403257775,1.7013972513975872,False
2022-01-09,86.0,good,,V,False,False,87.40302326978424,1.4030232697842422,0.6461473285336242,False
2022-01-19,75.0,good,,V,False,False,75.95849618142913,0.9584961814291262,0.7325609049039051,False
2022-01-27,70.0,good,,V,False,False,70.8132127981101,0.8132127981101007,2.5980517594377277,False
2022-02-01,67.0,good,,V,False,False,67.9669342419203,0.9669342419202991,1.8184552537777483,False
2022-02-09,63.0,good,,V,False,False,63.72576852939559,0.7257685293955873,0.5174075146246333,False
2022-02-13,58.0,good,,V,False,False,59.00668135293273,1.0066813529327305,0.47322679874879836,False
2022-02-19,54.0,good,,V,False,False,54.77600847405958,0.7760084740595801,0.5297134273613185,False
2022-03-13,50.0,good,,V,False,False,49.79507186481074,0.20492813518926312,0.10667476138022006,False
2022-03-19,51.0,good,,V,False,False,46.77600847405958,4.22399152594042,2.198786846352828,False
2022-03-21,45.0,good,,V,False,False,47.53835229521186,2.5383522952118582,0.7701845844215408,False
2022-04-04,22.0,good,,V,False,False,23.928456583668883,1.9284565836688827,0.6744907594765952,False
2022-04-14,32.0,good,,V,False,False,14.744428028397888,17.255571971602112,2.114826977286524,False
2022-04-21,49.0,good,,V,False,False,40.29353891985195,8.706461080148053,1.2384811191263054,False
2022-05-04,6.0,good,,V,True,False,9.587947937968783,3.5879479379687833,0.957291466707018,False
2022-05-20,3.0,noise,,V,True,True,3.052995895015208,0.05299589501520785,0.06136962152284354,False
2022-09-21,59.0,noise,Random SNWD spike at 59 for 2 days,S,True,True,56.92809303999483,2.0719069600051725,0.2255748920642382,False
2022-09-22,59.0,noise,Same spike as before,S,True,True,59.19732380922561,0.19732380922560822,0.06423699930380224,False
2022-09-23,0.0,good,,V,False,False,58.80732841501544,58.80732841501544,19.144199218933217,True
2022-09-30,0.0,good,,V,False,False,1.7291498005098124e-16,1.7291498005098124e-16,0.6744907594765952,False
2022-10-13,0.0,good,,V,False,False,1.2306134099346505e-51,1.2306134099346505e-51,1.0042465860951537,False
2022-10-25,0.0,good,,V,False,False,-0.08744426871450586,0.08744426871450586,0.3312466033798554,False
2022-10-31,0.0,good,,V,False,False,-0.08744426871450586,0.08744426871450586,0.05319979901754081,False
2022-11-30,8.0,good,,V,False,False,9.072519443934171,1.072519443934171,0.7647282340176543,False
2022-12-12,70.0,good,,V,False,False,78.73644497995694,8.736444979956943,3.4662224172351417,True
2022-12-28,49.0,good,,V,False,False,48.006124004479325,0.9938759955206748,0.6693192890512739,False
2023-01-06,76.0,good,,V,False,False,80.99038195791789,4.99038195791789,1.2850735938331153,False
2023-01-11,105.0,good,,V,False,False,106.59304264423066,1.593042644230664,0.13248605820049097,False
2023-01-16,125.0,good,,V,False,False,123.71870252858868,1.281297471411321,0.35972306197165005,False
2023-01-28,103.0,good,,V,False,False,104.92196981937971,1.9219698193797115,0.6939485210924667,False
2023-03-01,164.0,good,,S,False,False,181.83099347311102,17.830993473111022,0.8491320275928232,False
2023-03-02,153.0,good,,V,False,False,159.1694322281615,6.169432228161497,0.33191284047804664,False
2023-03-06,169.0,good,,V,False,False,174.6851024938635,5.685102493863496,0.8200689311911327,False
2023-03-11,171.0,good,,V,False,False,157.35538562570054,13.644614374299465,2.6341371536139713,False
2023-03-24,167.0,good,,V,False,False,171.65131775724973,4.651317757249728,1.1431246307173901,False
2023-04-24,127.0,good,,V,False,False,128.77839033247196,1.7783903324719574,0.6417906386349091,False
2023-05-03,104.0,good,,V,False,False,105.76571022905159,1.7657102290515923,inf,True
2023-05-07,113.0,good,,V,False,False,110.88222106823778,2.117778931762217,0.8176343688611977,False
2023-05-18,83.0,good,,V,False,False,84.63037885443543,1.6303788544354347,0.40533027497039514,False
2023-05-21,73.0,good,,V,False,False,74.15424076851723,1.1542407685172265,0.2899478607292438,False
2023-05-27,53.0,good,,V,True,False,57.8138954005552,4.813895400555197,1.6093808762787372,False
2023-06-02,33.0,good,,V,True,False,40.97439703381252,7.974397033812522,1.6271411258283996,False
2023-06-23,0.0,good,,V,False,False,-1.0104417408675265e-18,1.0104417408675265e-18,0.6744907594765952,False
2023-07-10,0.0,good,,V,False,False,-7.82394580604657e-71,7.82394580604657e-71,0.6744907594765952,False
2023-08-19,0.0,good,,V,False,False,-4.547882852693954e-182,4.547882852693954e-182,0.6744907594765952,False
2023-08-28,0.0,good,,V,False,False,-4.7988650997227435e-211,4.7988650997227435e-211,0.8405134415256956,False
2023-08-29,0.0,good,,V,False,False,2.7075134486129972e-211,2.7075134486129972e-211,0.4742165906689677,False
2023-09-25,0.0,good,,V,False,False,3.2041101081666077e-288,3.2041101081666077e-288,1.0042465404479919,False
