date,value,label,note,nrcs_raw_qc_flag,nrcs_edited_this_value,is_noise,rolling_median,deviation_score,predicted_noise
2015-10-21,1.0,noise,WTEQ 0.0 but SNWD 1.0,V,True,True,1.0,0.0,False
2015-10-22,1.0,noise,WTEQ 0.0 but SNWD 1.0,V,True,True,1.0,0.0,False
2015-10-23,1.0,noise,,V,True,True,1.0,0.0,False
2015-11-22,4.0,good,,V,False,False,5.0,inf,True
2015-12-09,11.0,good,,V,False,False,17.0,1.6187778227438285,False
2015-12-17,29.0,good,,V,False,False,32.0,0.8093889113719143,False
2015-12-20,37.0,good,,V,False,False,37.0,0.0,False
2015-12-28,53.0,good,,V,False,False,53.0,0.0,False
2015-12-29,52.0,good,,V,False,False,52.0,0.0,False
2016-01-29,73.0,good,,V,False,False,77.0,1.7986420252709205,False
2016-01-31,80.0,good,,V,False,False,76.0,2.697963037906381,False
2016-02-07,71.0,good,,V,False,False,71.0,0.0,False
2016-02-22,72.0,good,,V,False,False,72.0,0.0,False
2016-03-03,60.0,good,,V,False,False,63.0,2.023472278429786,False
2016-03-10,82.0,good,,V,False,False,88.0,1.011736139214893,False
2016-03-17,93.0,good,,V,False,False,93.0,0.0,False
2016-03-18,88.0,good,,V,False,False,93.0,0.6744907594765952,False
2016-03-24,85.0,good,,V,False,False,85.0,0.0,False
2016-03-31,79.0,good,,V,False,False,79.0,0.0,False
2016-05-02,31.0,good,,V,False,False,31.0,0.0,False
2016-05-12,5.0,good,,V,False,False,5.0,0.0,False
2016-05-16,0.0,good,,V,False,False,0.0,0.0,False
2016-06-10,1.0,noise,"Constant SNWD spikes at 1.0, no data for WTEQ",V,True,True,0.0,inf,True
2016-06-11,0.0,good,,V,False,False,0.0,0.0,False
2016-06-20,0.0,good,,V,False,False,0.0,0.0,False
2016-07-11,0.0,good,,V,False,False,0.0,0.0,False
2016-07-14,0.0,good,,V,False,False,0.0,0.0,False
2016-07-30,120.0,noise,SNWD 120.0 when next day is 0,S,True,True,0.0,inf,True
2016-07-31,0.0,good,,V,False,False,0.0,0.0,False
2016-08-07,1.0,noise,1.0 when should be 0,V,True,True,1.0,0.0,False
2016-08-12,0.0,good,,V,False,False,0.0,0.0,False
2016-08-30,0.0,good,,V,False,False,0.0,0.0,False
2016-09-04,1.0,noise,1.0 when it should be 0,V,True,True,0.5,0.6744907594765952,False
2016-09-05,1.0,noise,should be 0,V,True,True,0.5,0.6744907594765952,False
2016-09-11,0.0,good,,V,False,False,0.0,0.0,False
2016-09-15,1.0,noise,should be 0,V,True,True,0.0,inf,True
2016-10-08,1.0,noise,,V,True,True,1.0,0.0,False
2016-10-10,1.0,noise,,V,True,True,1.0,0.0,False
2016-10-29,1.0,noise,,V,True,True,1.0,0.0,False
2016-10-30,9.0,good,,V,False,False,4.0,6.7449075947659525,True
2016-11-09,1.0,noise,,V,True,True,1.0,0.0,False
2016-11-26,29.0,good,,V,False,False,29.0,0.0,False
2016-12-14,16.0,good,,V,False,False,17.0,1.3489815189531904,False
2016-12-18,16.0,good,,V,False,False,16.0,0.0,False
2016-12-22,17.0,good,,V,False,False,16.5,1.3489815189531904,False
2016-12-28,27.0,good,,V,False,False,26.0,inf,True
2017-01-18,108.0,good,,V,False,False,114.0,1.3489815189531904,False
2017-01-22,147.0,good,,S,False,False,133.0,inf,True
2017-02-10,130.0,good,,V,False,False,128.5,0.40469445568595713,False
2017-02-17,131.0,good,,V,False,False,131.0,0.0,False
2017-02-21,167.0,good,,V,False,False,158.5,2.2932685822204237,False
2017-02-28,157.0,good,,V,False,False,157.0,0.0,False
2017-03-25,139.0,good,,V,False,False,139.0,0.0,False
2017-03-28,139.0,good,,V,False,False,139.0,0.0,False
2017-04-09,143.0,good,,V,False,False,139.0,0.7194568101083683,False
2017-04-24,131.0,good,,V,False,False,129.0,inf,True
2017-05-07,100.0,good,,V,False,False,100.0,0.0,False
2017-05-09,94.0,good,,V,False,False,94.0,0.0,False
2017-05-30,35.0,good,,V,False,False,35.0,0.0,False
2017-06-07,8.0,good,,V,True,False,8.0,0.0,False
2017-06-10,0.0,noise,,V,True,True,3.0,inf,True
2017-06-28,1.0,noise,,V,True,True,0.0,inf,True
2017-07-19,0.0,good,,V,False,False,0.0,0.0,False
2017-09-16,0.0,good,,V,False,False,0.0,0.0,False
2017-10-15,2.0,noise,,V,True,True,1.0,inf,True
2017-11-25,11.0,noise,,V,True,True,11.0,0.0,False
2017-11-26,8.0,good,,V,False,False,11.0,2.023472278429786,False
2017-12-12,15.0,good,,V,False,False,14.0,0.6744907594765952,False
2017-12-22,17.0,good,,V,False,False,17.0,0.0,False
2017-12-28,16.0,good,,V,False,False,16.0,0.0,False
2018-01-06,13.0,good,,V,False,False,12.0,0.6744907594765952,False
2018-01-11,13.0,good,,V,False,False,12.0,0.6744907594765952,False
2018-01-14,12.0,good,,V,False,False,12.0,0.0,False
2018-01-21,15.0,good,,V,False,False,16.0,0.2997736708784868,False
2018-01-26,36.0,good,,V,False,False,30.0,1.3489815189531904,False
2018-01-28,30.0,good,,V,False,False,30.0,0.0,False
2018-02-08,19.0,good,,V,False,False,19.0,0.0,False
2018-02-09,19.0,good,,V,False,False,19.0,0.0,False
2018-02-13,20.0,good,,V,False,False,19.0,0.6744907594765952,False
2018-02-17,18.0,good,,V,False,False,20.0,inf,True
2018-02-26,43.0,good,,V,False,False,28.0,2.529340348037232,False
2018-04-10,40.0,good,,V,False,False,42.0,0.44966050631773014,False
2018-04-13,41.0,good,,V,False,False,44.0,0.5058680696074465,False
2018-05-06,5.0,good,,V,True,False,5.0,0.0,False
2018-05-11,6.0,good,,V,True,False,6.0,0.0,False
2018-05-12,6.0,good,,V,True,False,6.0,0.0,False
2018-05-19,1.0,noise,SNWD 1 but WTEQ 0,V,True,True,1.0,0.0,False
2018-05-20,1.0,noise,,V,True,True,1.0,0.0,False
2018-06-03,0.0,good,,V,False,False,0.0,0.0,False
2018-06-05,1.0,noise,,V,True,True,0.0,inf,True
2018-06-20,0.0,good,,V,False,False,0.0,0.0,False
2018-06-26,0.0,good,,V,False,False,0.0,0.0,False
2018-07-03,0.0,good,,V,False,False,0.0,0.0,False
2018-09-17,1.0,noise,,V,True,True,0.0,inf,True
2018-09-21,0.0,good,,V,False,False,0.0,0.0,False
2018-10-16,1.0,noise,,V,True,True,1.0,0.0,False
2018-10-22,2.0,noise,,V,True,True,2.0,0.0,False
2018-10-23,2.0,noise,,V,True,True,2.0,0.0,False
2018-10-27,1.0,noise,,V,True,True,1.0,0.0,False
2018-10-29,1.0,noise,,V,True,True,1.0,0.0,False
2018-10-30,1.0,noise,,V,True,True,1.0,0.0,False
2018-11-01,1.0,noise,,V,True,True,1.0,0.0,False
2018-11-17,2.0,noise,,V,True,True,2.0,0.0,False
2018-11-24,14.0,good,,V,False,False,14.0,0.0,False
2018-11-30,25.0,good,,V,False,False,30.0,1.1241512657943253,False
2018-12-13,25.0,good,,V,False,False,25.0,0.0,False
2018-12-18,27.0,good,,V,False,False,27.0,0.0,False
2018-12-28,34.0,good,,V,False,False,34.0,0.0,False
2018-12-31,33.0,good,,V,False,False,33.0,0.0,False
2019-01-12,62.0,good,,V,False,False,62.0,0.0,False
2019-01-23,88.0,good,,E,False,False,87.5,1.3489815189531904,False
2019-01-27,81.0,good,,V,False,False,81.0,0.0,False
2019-01-30,77.0,good,,V,False,False,77.5,1.3489815189531904,False
2019-02-14,130.0,good,,V,False,False,128.0,0.385423291129483,False
2019-02-19,143.0,good,,V,False,False,143.0,0.0,False
2019-02-21,140.0,good,,V,False,False,140.0,0.0,False
2019-03-11,159.0,good,,V,False,False,160.0,1.3489815189531904,False
2019-04-01,142.0,good,,V,False,False,143.0,0.6744907594765952,False
2019-04-21,119.0,good,,V,False,False,119.0,0.0,False
2019-05-08,76.0,good,,V,False,False,76.0,0.0,False
2019-07-01,0.0,good,,V,False,False,0.0,0.0,False
2019-07-08,1.0,noise,,V,True,True,0.0,inf,True
2019-07-13,0.0,good,,V,False,False,0.0,0.0,False
2019-09-22,1.0,noise,,V,True,True,0.0,inf,True
2019-09-30,2.0,noise,,V,False,True,0.0,1.7986420252709205,False
2019-10-06,1.0,noise,,V,True,True,1.0,0.0,False
2019-10-15,1.0,noise,,V,True,True,0.0,1.3489815189531904,False
2019-10-26,1.0,noise,,V,True,True,1.0,0.0,False
2019-10-29,2.0,noise,,V,True,True,2.0,0.0,False
2019-11-06,1.0,noise,,V,True,True,1.0,0.0,False
2019-11-13,1.0,noise,,V,True,True,1.0,0.0,False
2019-11-14,1.0,noise,,V,True,True,1.0,0.0,False
2019-11-16,1.0,noise,,V,True,True,1.0,0.0,False
2019-12-11,41.0,good,,V,False,False,40.0,0.3372453797382976,False
2020-01-28,61.0,good,,V,False,False,57.0,0.8993210126354603,False
2020-02-08,53.0,good,,V,False,False,53.0,0.0,False
2020-02-10,53.0,good,,V,False,False,53.0,0.0,False
2020-02-11,53.0,good,,V,False,False,53.0,0.0,False
2020-02-23,46.0,good,,V,False,False,46.0,0.0,False
2020-03-22,73.0,good,,V,False,False,75.0,0.5395926075812761,False
2020-04-14,58.0,good,,V,False,False,58.0,0.0,False
2020-04-23,40.0,good,,V,False,False,40.0,0.0,False
2020-05-01,15.0,good,,V,False,False,17.0,0.770846582258966,False
2020-05-04,8.0,good,,V,True,False,6.5,0.5781349366942244,False
2020-05-19,1.0,noise,,V,False,True,1.0,0.0,False
2020-05-23,1.0,noise,,V,True,True,1.0,0.0,False
2020-05-30,0.0,good,,V,False,False,0.0,0.0,False
2020-06-03,0.0,good,,V,False,False,0.0,0.0,False
2020-06-16,1.0,noise,,V,True,True,0.0,inf,True
2020-06-19,0.0,good,,V,False,False,0.0,0.0,False
2020-07-30,95.0,noise,Random spike at 95.0 with no data either side,S,True,True,,0.0,False
2020-09-12,0.0,good,,V,False,False,0.0,0.0,False
2020-09-13,0.0,good,,V,False,False,0.0,0.0,False
2020-09-15,57.0,noise,Big spike of 57 SNWD,S,True,True,0.0,38.445973290165924,True
2020-09-16,61.0,noise,Continuing the big spike now at 61 SNWD,S,True,True,0.0,41.14393632807231,True
2020-09-17,57.0,noise,"Continuing spike now at 57 SNWD again, next day it drops to 0",S,True,True,1.0,37.77148253068933,True
2020-10-03,1.0,noise,,V,True,True,1.0,0.0,False
2020-10-06,3.0,noise,,V,True,True,1.0,1.3489815189531904,False
2020-10-08,2.0,noise,,V,True,True,1.0,0.6744907594765952,False
2020-10-15,1.0,noise,,V,True,True,1.0,0.0,False
2020-10-17,1.0,noise,,V,True,True,1.0,0.0,False
2020-10-21,0.0,good,,V,False,False,0.0,0.0,False
2020-10-31,2.0,noise,,V,True,True,2.0,0.0,False
2020-11-18,18.0,good,,V,False,False,15.0,inf,True
2020-11-23,14.0,good,,V,False,False,15.0,inf,True
2020-12-15,21.0,good,,V,False,False,21.5,0.12263468354119914,False
2021-01-04,37.0,good,,V,False,False,32.5,1.5176042088223392,False
2021-01-11,34.0,good,,V,False,False,34.0,0.0,False
2021-01-16,30.0,good,,V,False,False,29.0,inf,True
2021-01-23,32.0,good,,V,False,False,30.0,0.8993210126354603,False
2021-02-04,75.0,good,,V,False,False,72.0,1.011736139214893,False
2021-02-21,72.0,good,,V,False,False,71.0,0.6744907594765952,False
2021-03-11,73.0,good,,V,False,False,71.0,0.6744907594765952,False
2021-03-29,62.0,good,,V,False,False,62.0,0.0,False
2021-04-09,36.0,good,,V,False,False,36.0,0.0,False
2021-04-16,24.0,good,,V,True,False,21.5,6.7449075947659525,True
2021-04-26,7.0,good,,V,True,False,4.0,0.6744907594765952,False
2021-07-15,0.0,good,,V,False,False,0.0,0.0,False
2021-07-21,0.0,good,,V,False,False,0.0,0.0,False
2021-09-02,1.0,noise,,V,True,True,0.0,inf,True
2021-09-19,1.0,noise,,V,True,True,0.0,inf,True
2021-09-23,0.0,good,,V,False,False,0.0,0.0,False
2021-09-30,2.0,noise,,V,True,True,1.0,0.6744907594765952,False
2021-10-05,1.0,noise,,V,True,True,1.0,0.0,False
2021-10-10,0.0,good,,V,False,False,1.0,0.6744907594765952,False
2021-10-28,10.0,good,,V,False,False,9.0,1.3489815189531904,False
2021-10-31,4.0,good,,V,False,False,4.0,0.0,False
2021-11-02,2.0,good,,V,False,False,2.0,0.0,False
2021-11-04,1.0,noise,,V,True,True,1.5,0.6744907594765952,False
2021-11-23,4.0,noise,,V,True,True,2.0,1.3489815189531904,False
2021-12-01,1.0,noise,,V,True,True,1.0,0.0,False
2021-12-05,1.0,noise,,V,True,True,1.0,0.0,False
2022-01-04,94.0,good,,V,False,False,94.0,0.0,False
2022-01-05,90.0,good,,V,False,False,92.0,5.395926075812762,True
2022-01-09,86.0,good,,V,False,False,85.0,0.8993210126354603,False
2022-01-19,75.0,good,,V,False,False,75.0,0.0,False
2022-01-27,70.0,good,,V,False,False,70.0,0.0,False
2022-02-01,67.0,good,,V,False,False,67.0,0.0,False
2022-02-09,63.0,good,,V,False,False,63.0,0.0,False
2022-02-13,58.0,good,,V,False,False,58.0,0.0,False
2022-02-19,54.0,good,,V,False,False,56.0,1.3489815189531904,False
2022-03-13,50.0,good,,V,False,False,50.0,0.0,False
2022-03-19,51.0,good,,V,False,False,48.0,inf,True
2022-03-21,45.0,good,,V,False,False,45.0,0.0,False
2022-04-04,22.0,good,,V,False,False,22.0,0.0,False
2022-04-14,32.0,good,,V,False,False,26.0,1.3489815189531904,False
2022-04-21,49.0,good,,V,False,False,32.0,3.0576914429605653,True
2022-05-04,6.0,good,,V,True,False,6.0,0.0,False
2022-05-20,3.0,noise,,V,True,True,3.0,0.0,False
2022-09-21,59.0,noise,Random SNWD spike at 59 for 2 days,S,True,True,29.5,1.3489815189531904,False
2022-09-22,59.0,noise,Same spike as before,S,True,True,0.0,inf,True
2022-09-23,0.0,good,,V,False,False,0.0,0.0,False
2022-09-30,0.0,good,,V,False,False,0.0,0.0,False
2022-10-13,0.0,good,,V,False,False,0.0,0.0,False
2022-10-25,0.0,good,,V,False,False,0.0,0.0,False
2022-10-31,0.0,good,,V,False,False,0.5,0.44966050631773014,False
2022-11-30,8.0,good,,V,False,False,9.0,0.6744907594765952,False
2022-12-12,70.0,good,,V,False,False,64.0,3.237555645487657,True
2022-12-28,49.0,good,,V,False,False,46.0,0.6744907594765952,False
2023-01-06,76.0,good,,V,False,False,75.5,0.08993210126354603,False
2023-01-11,105.0,good,,V,False,False,106.0,0.6744907594765952,False
2023-01-16,125.0,good,,V,False,False,122.5,1.1241512657943253,False
2023-01-28,103.0,good,,V,False,False,105.0,1.3489815189531904,False
2023-03-01,164.0,good,,S,False,False,152.5,0.9125463216448052,False
2023-03-02,153.0,good,,V,False,False,158.5,0.4364351973083851,False
2023-03-06,169.0,good,,V,False,False,170.0,0.22483025315886507,False
2023-03-11,171.0,good,,V,False,False,172.0,0.1686226898691488,False
2023-03-24,167.0,good,,V,False,False,164.0,0.6744907594765952,False
2023-04-24,127.0,good,,V,False,False,127.0,0.0,False
2023-05-03,104.0,good,,V,False,False,,0.0,False
2023-05-07,113.0,good,,V,False,False,110.0,1.3489815189531904,False
2023-05-18,83.0,good,,V,False,False,83.0,0.0,False
2023-05-21,73.0,good,,V,False,False,73.0,0.0,False
2023-05-27,53.0,good,,V,True,False,53.0,0.0,False
2023-06-02,33.0,good,,V,True,False,34.0,inf,True
2023-06-23,0.0,good,,V,False,False,0.0,0.0,False
2023-07-10,0.0,good,,V,False,False,0.0,0.0,False
2023-08-19,0.0,good,,V,False,False,0.0,0.0,False
2023-08-28,0.0,good,,V,False,False,0.0,0.0,False
2023-08-29,0.0,good,,V,False,False,0.0,0.0,False
2023-09-25,0.0,good,,V,False,False,0.0,0.0,False
