date,value,label,note,nrcs_raw_qc_flag,nrcs_edited_this_value,is_noise,predicted_noise,anomaly_score
2015-10-21,1.0,noise,WTEQ 0.0 but SNWD 1.0,V,True,True,False,0.3371316429122825
2015-10-22,1.0,noise,WTEQ 0.0 but SNWD 1.0,V,True,True,False,0.3418128215866279
2015-10-23,1.0,noise,,V,True,True,False,0.33204345088609216
2015-11-22,4.0,good,,V,False,False,True,0.6338542956565179
2015-12-09,11.0,good,,V,False,False,True,0.5476594407202838
2015-12-17,29.0,good,,V,False,False,False,0.36413713388373453
2015-12-20,37.0,good,,V,False,False,False,0.340210565229094
2015-12-28,53.0,good,,V,False,False,False,0.3462697946334387
2015-12-29,52.0,good,,V,False,False,False,0.3730417397696401
2016-01-29,73.0,good,,V,False,False,True,0.5985294755967892
2016-01-31,80.0,good,,V,False,False,False,0.44205924816830783
2016-02-07,71.0,good,,V,False,False,True,0.5024769857754582
2016-02-22,72.0,good,,V,False,False,True,0.4997362612770043
2016-03-03,60.0,good,,V,False,False,True,0.5601882186746573
2016-03-10,82.0,good,,V,False,False,False,0.36917881620776255
2016-03-17,93.0,good,,V,False,False,False,0.338395955302506
2016-03-18,88.0,good,,V,False,False,False,0.37837879969155586
2016-03-24,85.0,good,,V,False,False,False,0.338395955302506
2016-03-31,79.0,good,,V,False,False,False,0.33890784195767637
2016-05-02,31.0,good,,V,False,False,False,0.3617650877168507
2016-06-10,1.0,noise,"Constant SNWD spikes at 1.0, no data for WTEQ",V,True,True,True,0.6401092610566388
2016-06-11,0.0,good,,V,False,False,False,0.3370460672105084
2016-06-20,0.0,good,,V,False,False,False,0.3373220159567221
2016-07-11,0.0,good,,V,False,False,False,0.3317988756430482
2016-07-14,0.0,good,,V,False,False,False,0.3385630478460638
2016-07-30,120.0,noise,SNWD 120.0 when next day is 0,S,True,True,True,0.5595901314242747
2016-07-31,0.0,good,,V,False,False,False,0.35302053106823206
2016-08-07,1.0,noise,1.0 when should be 0,V,True,True,False,0.3326577952318507
2016-08-12,0.0,good,,V,False,False,False,0.43875552793166744
2016-08-30,0.0,good,,V,False,False,True,0.5573236012615753
2016-09-04,1.0,noise,1.0 when it should be 0,V,True,True,True,0.5336692047334803
2016-09-05,1.0,noise,should be 0,V,True,True,False,0.3761622103200564
2016-09-11,0.0,good,,V,False,False,False,0.34137164335269465
2016-09-15,1.0,noise,should be 0,V,True,True,True,0.5312843626229554
2016-10-08,1.0,noise,,V,True,True,False,0.37227659491481574
2016-10-10,1.0,noise,,V,True,True,False,0.33660943082033445
2016-10-30,9.0,good,,V,False,False,True,0.561751035635655
2016-11-26,29.0,good,,V,False,False,False,0.3448079945215617
2016-12-14,16.0,good,,V,False,False,False,0.4167758917671928
2016-12-18,16.0,good,,V,False,False,False,0.38884425030239844
2016-12-22,17.0,good,,V,False,False,False,0.3762346609630576
2016-12-28,27.0,good,,V,False,False,True,0.5587469891898148
2017-01-18,108.0,good,,V,False,False,False,0.4279989392966593
2017-01-22,147.0,good,,S,False,False,True,0.5304412502544066
2017-02-10,130.0,good,,V,False,False,False,0.4607706004430431
2017-02-17,131.0,good,,V,False,False,False,0.3399031270681029
2017-02-28,157.0,good,,V,False,False,False,0.3495053457799494
2017-03-25,139.0,good,,V,False,False,False,0.335610070440534
2017-03-28,139.0,good,,V,False,False,False,0.4795398355118854
2017-04-09,143.0,good,,V,False,False,False,0.394697019441834
2017-04-24,131.0,good,,V,False,False,True,0.6431472339196256
2017-05-07,100.0,good,,V,False,False,False,0.33225570206680133
2017-05-09,94.0,good,,V,False,False,False,0.3618065550027084
2017-05-30,35.0,good,,V,False,False,False,0.3804303590136312
2017-06-07,8.0,good,,V,True,False,False,0.4063679254837009
2017-06-28,1.0,noise,,V,True,True,True,0.5228313491352574
2017-07-19,0.0,good,,V,False,False,False,0.3972298781049988
2017-09-16,0.0,good,,V,False,False,True,0.5049915416556724
2017-10-15,2.0,noise,,V,True,True,True,0.5376280531255141
2017-11-25,11.0,noise,,V,True,True,True,0.6179231846523029
2017-11-26,8.0,good,,V,False,False,True,0.5015413837732445
2017-12-12,15.0,good,,V,False,False,False,0.3685953549420088
2017-12-22,17.0,good,,V,False,False,False,0.3826516080941553
2017-12-28,16.0,good,,V,False,False,False,0.3696373906406509
2018-01-06,13.0,good,,V,False,False,False,0.47125890968370704
2018-01-11,13.0,good,,V,False,False,False,0.3884907068596728
2018-01-14,12.0,good,,V,False,False,False,0.41748604057603916
2018-01-26,36.0,good,,V,False,False,False,0.3896511934454853
2018-01-28,30.0,good,,V,False,False,False,0.350540989327092
2018-02-08,19.0,good,,V,False,False,False,0.5009460116436589
2018-02-09,19.0,good,,V,False,False,False,0.40118228093886865
2018-02-13,20.0,good,,V,False,False,False,0.3790075633313156
2018-02-17,18.0,good,,V,False,False,True,0.5432990722525595
2018-02-26,43.0,good,,V,False,False,False,0.4561788535497284
2018-04-10,40.0,good,,V,False,False,True,0.5190547244794674
2018-04-13,41.0,good,,V,False,False,False,0.3578918055213413
2018-05-06,5.0,good,,V,True,False,False,0.35150132333645717
2018-05-11,6.0,good,,V,True,False,False,0.3597346392089304
2018-05-12,6.0,good,,V,True,False,False,0.337613260367404
2018-05-19,1.0,noise,SNWD 1 but WTEQ 0,V,True,True,False,0.3363633891625526
2018-05-20,1.0,noise,,V,True,True,False,0.476621363791326
2018-06-03,0.0,good,,V,False,False,False,0.3336637339567615
2018-06-05,1.0,noise,,V,True,True,True,0.5089696198681819
2018-06-20,0.0,good,,V,False,False,False,0.3342851783773979
2018-06-26,0.0,good,,V,False,False,False,0.33995893346782124
2018-07-03,0.0,good,,V,False,False,False,0.3346580456552318
2018-09-17,1.0,noise,,V,True,True,True,0.5177849508698086
2018-09-21,0.0,good,,V,False,False,False,0.33803658228587236
2018-10-16,1.0,noise,,V,True,True,True,0.5190132937181341
2018-10-22,2.0,noise,,V,True,True,False,0.3832254303731983
2018-10-27,1.0,noise,,V,True,True,False,0.33870957867810014
2018-10-29,1.0,noise,,V,True,True,True,0.518352094927134
2018-10-30,1.0,noise,,V,True,True,True,0.5060222971479746
2018-11-01,1.0,noise,,V,True,True,False,0.38680446785274836
2018-11-24,14.0,good,,V,False,False,False,0.3729339393872454
2018-11-30,25.0,good,,V,False,False,False,0.37747399511231555
2018-12-18,27.0,good,,V,False,False,False,0.33638989739889336
2018-12-28,34.0,good,,V,False,False,False,0.34729834831233475
2019-01-12,62.0,good,,V,False,False,False,0.3648772947389141
2019-01-23,88.0,good,,E,False,False,False,0.38052444445512335
2019-01-27,81.0,good,,V,False,False,False,0.3403832589096428
2019-01-30,77.0,good,,V,False,False,False,0.38167858341117744
2019-02-14,130.0,good,,V,False,False,True,0.5290360819869202
2019-02-19,143.0,good,,V,False,False,False,0.3540461051833988
2019-02-21,140.0,good,,V,False,False,False,0.36032869244348203
2019-03-11,159.0,good,,V,False,False,False,0.3882413263748489
2019-04-01,142.0,good,,V,False,False,False,0.3586290286395866
2019-04-21,119.0,good,,V,False,False,False,0.3813483533005125
2019-05-08,76.0,good,,V,False,False,False,0.3386624004616166
2019-07-01,0.0,good,,V,False,False,True,0.5217364109903077
2019-07-08,1.0,noise,,V,True,True,True,0.642362388702161
2019-07-13,0.0,good,,V,False,False,False,0.33907170451317165
2019-09-22,1.0,noise,,V,True,True,False,0.49600133763663673
2019-09-30,2.0,noise,,V,False,True,True,0.6095596203271423
2019-10-06,1.0,noise,,V,True,True,False,0.33414693881150015
2019-10-15,1.0,noise,,V,True,True,False,0.39635859221784586
2019-10-26,1.0,noise,,V,True,True,False,0.4463013086847616
2019-10-29,2.0,noise,,V,True,True,True,0.5866574398489871
2019-11-06,1.0,noise,,V,True,True,False,0.33735790454653386
2019-11-13,1.0,noise,,V,True,True,False,0.3360175452856952
2019-11-14,1.0,noise,,V,True,True,False,0.362081018623485
2019-11-16,1.0,noise,,V,True,True,False,0.3310771620043925
2019-12-11,41.0,good,,V,False,False,True,0.5274076218749338
2020-01-28,61.0,good,,V,False,False,False,0.3702697502851789
2020-02-10,53.0,good,,V,False,False,True,0.5086338978551196
2020-02-11,53.0,good,,V,False,False,False,0.3390051677876388
2020-02-23,46.0,good,,V,False,False,False,0.33566986639252205
2020-03-22,73.0,good,,V,False,False,False,0.3857045311054106
2020-04-14,58.0,good,,V,False,False,False,0.33793170535662925
2020-04-23,40.0,good,,V,False,False,False,0.33240227831848546
2020-05-01,15.0,good,,V,False,False,False,0.3676114755430995
2020-05-04,8.0,good,,V,True,False,False,0.4147284346196323
2020-05-19,1.0,noise,,V,False,True,False,0.3378108944834161
2020-05-23,1.0,noise,,V,True,True,False,0.3394380629545229
2020-05-30,0.0,good,,V,False,False,False,0.46493965925370356
2020-06-03,0.0,good,,V,False,False,False,0.3500088150550092
2020-06-19,0.0,good,,V,False,False,False,0.33660943082033445
2020-07-30,95.0,noise,Random spike at 95.0 with no data either side,S,True,True,False,0.37941987201157495
2020-09-12,0.0,good,,V,False,False,False,0.3396655185148049
2020-09-13,0.0,good,,V,False,False,False,0.3340939229385692
2020-09-15,57.0,noise,Big spike of 57 SNWD,S,True,True,True,0.5633549630639934
2020-09-16,61.0,noise,Continuing the big spike now at 61 SNWD,S,True,True,True,0.5888887790462702
2020-10-03,1.0,noise,,V,True,True,False,0.3473721456050869
2020-10-06,3.0,noise,,V,True,True,False,0.4112455186160203
2020-10-08,2.0,noise,,V,True,True,False,0.3755976069278146
2020-10-15,1.0,noise,,V,True,True,False,0.3963822144014579
2020-10-17,1.0,noise,,V,True,True,False,0.33907170451317165
2020-10-21,0.0,good,,V,False,False,False,0.33803658228587236
2020-10-31,2.0,noise,,V,True,True,False,0.3326578697168101
2020-11-18,18.0,good,,V,False,False,True,0.6600600208338617
2020-11-23,14.0,good,,V,False,False,True,0.6877528814846736
2020-12-15,21.0,good,,V,False,False,False,0.3538659155544063
2021-01-04,37.0,good,,V,False,False,True,0.5965332232610263
2021-01-11,34.0,good,,V,False,False,False,0.34404845350869856
2021-01-16,30.0,good,,V,False,False,True,0.5014991911911203
2021-01-23,32.0,good,,V,False,False,False,0.3749681256092963
2021-02-04,75.0,good,,V,False,False,False,0.4247007389258723
2021-02-21,72.0,good,,V,False,False,False,0.36709633613235865
2021-03-11,73.0,good,,V,False,False,True,0.5271885945145363
2021-03-29,62.0,good,,V,False,False,False,0.33483683173279105
2021-04-09,36.0,good,,V,False,False,False,0.3318336068240123
2021-04-16,24.0,good,,V,True,False,True,0.5302043686473755
2021-04-26,7.0,good,,V,True,False,False,0.5026587262349265
2021-07-15,0.0,good,,V,False,False,False,0.35583879937744406
2021-07-21,0.0,good,,V,False,False,False,0.3367348513126796
2021-09-02,1.0,noise,,V,True,True,True,0.6125316209398795
2021-09-19,1.0,noise,,V,True,True,True,0.5803444278840245
2021-09-23,0.0,good,,V,False,False,False,0.3396682995770975
2021-09-30,2.0,noise,,V,True,True,False,0.3807864560333701
2021-10-05,1.0,noise,,V,True,True,False,0.36288382493560506
2021-10-10,0.0,good,,V,False,False,True,0.547219673109636
2021-10-28,10.0,good,,V,False,False,False,0.38402028028594704
2021-10-31,4.0,good,,V,False,False,False,0.33649392384512883
2021-11-02,2.0,good,,V,False,False,False,0.33592491840020416
2021-11-04,1.0,noise,,V,True,True,False,0.39246195963112035
2021-11-23,4.0,noise,,V,True,True,False,0.4102395413187183
2021-12-01,1.0,noise,,V,True,True,False,0.3310485585111511
2021-12-05,1.0,noise,,V,True,True,False,0.33686804479777943
2022-01-04,94.0,good,,V,False,False,False,0.4178522175431449
2022-01-05,90.0,good,,V,False,False,True,0.5219305727018004
2022-01-09,86.0,good,,V,False,False,False,0.38219461089831225
2022-01-19,75.0,good,,V,False,False,False,0.3740118203703666
2022-01-27,70.0,good,,V,False,False,False,0.4089226707871738
2022-02-01,67.0,good,,V,False,False,False,0.3451675759601541
2022-02-09,63.0,good,,V,False,False,False,0.3824824856279954
2022-02-13,58.0,good,,V,False,False,False,0.3325457032048812
2022-02-19,54.0,good,,V,False,False,False,0.4338931581377654
2022-03-13,50.0,good,,V,False,False,False,0.35994599070143235
2022-03-19,51.0,good,,V,False,False,True,0.536708502026459
2022-03-21,45.0,good,,V,False,False,False,0.354175711645982
2022-04-04,22.0,good,,V,False,False,False,0.34237482472008096
2022-04-14,32.0,good,,V,False,False,False,0.3872363414931963
2022-04-21,49.0,good,,V,False,False,True,0.509940352773598
2022-05-04,6.0,good,,V,True,False,False,0.3357010224145761
2022-05-20,3.0,noise,,V,True,True,False,0.37332803490070726
2022-09-21,59.0,noise,Random SNWD spike at 59 for 2 days,S,True,True,False,0.4147944651736093
2022-09-22,59.0,noise,Same spike as before,S,True,True,True,0.5313726034676614
2022-09-23,0.0,good,,V,False,False,True,0.5420289015426892
2022-09-30,0.0,good,,V,False,False,False,0.33481871825868575
2022-10-13,0.0,good,,V,False,False,False,0.3404176568791485
2022-10-25,0.0,good,,V,False,False,False,0.3310485585111511
2022-10-31,0.0,good,,V,False,False,False,0.3561708401629193
2022-11-30,8.0,good,,V,False,False,True,0.5092211995962159
2022-12-12,70.0,good,,V,False,False,True,0.5107464276669863
2022-12-28,49.0,good,,V,False,False,False,0.3681645621558829
2023-01-06,76.0,good,,V,False,False,False,0.36680111915936453
2023-01-11,105.0,good,,V,False,False,False,0.4165707522904312
2023-01-16,125.0,good,,V,False,False,True,0.5392893301019552
2023-01-28,103.0,good,,V,False,False,False,0.4253557552610722
2023-03-01,164.0,good,,S,False,False,False,0.4098242981747988
2023-03-02,153.0,good,,V,False,False,False,0.39314703756511704
2023-03-06,169.0,good,,V,False,False,False,0.39140400339577225
2023-03-11,171.0,good,,V,False,False,False,0.36751044812205247
2023-03-24,167.0,good,,V,False,False,False,0.375397636163971
2023-04-24,127.0,good,,V,False,False,False,0.3648981766211221
2023-05-03,104.0,good,,V,False,False,True,0.5319329132136076
2023-05-07,113.0,good,,V,False,False,True,0.5227357121008839
2023-05-18,83.0,good,,V,False,False,False,0.3377055894645831
2023-05-21,73.0,good,,V,False,False,False,0.336013759890367
2023-05-27,53.0,good,,V,True,False,False,0.336738208654902
2023-06-02,33.0,good,,V,True,False,True,0.5103249018708035
2023-06-23,0.0,good,,V,False,False,False,0.33476588262389634
2023-07-10,0.0,good,,V,False,False,False,0.36190286780884307
2023-08-19,0.0,good,,V,False,False,False,0.3416256934302061
2023-08-28,0.0,good,,V,False,False,False,0.33907170451317165
2023-08-29,0.0,good,,V,False,False,True,0.551023101547442
2023-09-25,0.0,good,,V,False,False,False,0.3356227850836219
