date,value,label,note,nrcs_raw_qc_flag,nrcs_edited_this_value,is_noise,reconstruction_error,deviation_score,predicted_noise
2015-10-21,1.0,noise,WTEQ 0.0 but SNWD 1.0,V,True,True,0.035832173701986166,0.1972292987802556,False
2015-10-22,1.0,noise,WTEQ 0.0 but SNWD 1.0,V,True,True,0.04343486948192088,0.2092668369773939,False
2015-10-23,1.0,noise,,V,True,True,0.04493348954933514,1.315838601667398,False
2015-11-22,4.0,good,,V,False,False,0.010699681110829548,0.5821596217991144,False
2015-12-09,11.0,good,,V,False,False,0.11889879796589867,0.997881707707527,False
2015-12-17,29.0,good,,V,False,False,0.010022624153878985,0.6744907594765952,False
2015-12-20,37.0,good,,V,False,False,0.04982821660948443,0.0,False
2015-12-28,53.0,good,,V,False,False,0.005161388171530857,0.8024487638187674,False
2015-12-29,52.0,good,,V,False,False,0.046673977775700835,0.6744907594765952,False
2016-01-29,73.0,good,,V,False,False,0.19438966031496524,0.6744907594765952,False
2016-01-31,80.0,good,,V,False,False,0.3155077159626937,0.6744907594765952,False
2016-02-07,71.0,good,,V,False,False,0.191865244717438,2.659855043947448,False
2016-02-22,72.0,good,,V,False,False,0.010375384632589524,0.0,False
2016-03-03,60.0,good,,V,False,False,0.04048493695339275,0.5017815364993785,False
2016-03-10,82.0,good,,V,False,False,0.006444118009128124,1.366332017633684,False
2016-03-17,93.0,good,,V,False,False,0.02616416237444043,0.83106063444778,False
2016-03-18,88.0,good,,V,False,False,0.03976587579890565,0.6744907594765952,False
2016-03-24,85.0,good,,V,False,False,0.02105838952432889,0.6444417761652161,False
2016-03-31,79.0,good,,V,False,False,0.03571126770123977,0.6744907594765952,False
2016-05-02,31.0,good,,V,False,False,0.019089800850393756,0.24306070859291237,False
2016-05-12,5.0,good,,V,False,False,0.08197428198009465,0.5865030529263144,False
2016-05-16,0.0,good,,V,False,False,0.10227379959969707,0.7311546871113634,False
2016-06-10,1.0,noise,"Constant SNWD spikes at 1.0, no data for WTEQ",V,True,True,0.09016477736299126,1.2330878731649058,False
2016-06-11,0.0,good,,V,False,False,0.0005781265822748809,0.7312006305720539,False
2016-06-20,0.0,good,,V,False,False,0.060932445294761044,0.6328384786611824,False
2016-07-11,0.0,good,,V,False,False,0.01657554823733546,0.6744907594765952,False
2016-07-14,0.0,good,,V,False,False,0.01220629836181759,0.0,False
2016-07-30,120.0,noise,SNWD 120.0 when next day is 0,S,True,True,1.2342362881064726,269.7945870561498,True
2016-07-31,0.0,good,,V,False,False,0.08199585257486165,0.0,False
2016-08-07,1.0,noise,1.0 when should be 0,V,True,True,0.16524453391212188,0.6744907594765951,False
2016-08-12,0.0,good,,V,False,False,0.04193717783405192,0.0,False
2016-08-30,0.0,good,,V,False,False,0.01701906324963839,0.06515242792678205,False
2016-09-04,1.0,noise,1.0 when it should be 0,V,True,True,0.04173850197769085,3.054443038794886,True
2016-09-05,1.0,noise,should be 0,V,True,True,0.008263783577424142,0.06575843103922059,False
2016-09-11,0.0,good,,V,False,False,1.5778543343824427,0.30157913915831713,False
2016-09-15,1.0,noise,should be 0,V,True,True,0.06403558151110342,0.0,False
2016-10-08,1.0,noise,,V,True,True,0.03129412918202949,0.18482442907026778,False
2016-10-10,1.0,noise,,V,True,True,0.04215160030537007,0.0,False
2016-10-29,1.0,noise,,V,True,True,0.013568867405249995,1.027320612013384,False
2016-10-30,9.0,good,,V,False,False,0.17496364751487112,1.4173475471616366,False
2016-11-09,1.0,noise,,V,True,True,0.004733060607983136,0.6744907594765952,False
2016-11-26,29.0,good,,V,False,False,0.06086364103361434,0.6744907594765952,False
2016-12-14,16.0,good,,V,False,False,0.044523285367772655,0.6866019346901177,False
2016-12-18,16.0,good,,V,False,False,0.19453433135630432,0.0,False
2016-12-22,17.0,good,,V,False,False,0.011278796770734597,0.6280260330819027,False
2016-12-28,27.0,good,,V,False,False,0.01643469403009724,0.3838435623395906,False
2017-01-18,108.0,good,,V,False,False,0.21286246830529196,0.6744907594765952,False
2017-01-22,147.0,good,,S,False,False,0.19111405742535262,0.6744907594765952,False
2017-02-10,130.0,good,,V,False,False,0.13432530456526506,0.6927146279081852,False
2017-02-17,131.0,good,,V,False,False,0.012707334519900288,1.1942639036067564,False
2017-02-21,167.0,good,,V,False,False,0.25169037770029246,0.7704844901134259,False
2017-02-28,157.0,good,,V,False,False,0.08865639222127847,0.18728129017995285,False
2017-03-25,139.0,good,,V,False,False,0.019669990596655623,0.6744907594765952,False
2017-03-28,139.0,good,,V,False,False,0.006261063233769219,3.0149352063721846,True
2017-04-09,143.0,good,,V,False,False,0.08308336992155356,0.7963003198332185,False
2017-04-24,131.0,good,,V,False,False,0.006068351259587529,1.1407852280464263,False
2017-05-07,100.0,good,,V,False,False,0.03556207641690044,0.0,False
2017-05-09,94.0,good,,V,False,False,0.029240148109852135,1.2066323437244455,False
2017-05-30,35.0,good,,V,False,False,0.04914934865789812,10.005903063707226,True
2017-06-07,8.0,good,,V,True,False,0.2559592085578568,22.119035340536318,True
2017-06-10,0.0,noise,,V,True,True,0.04484607593661022,0.6744907594765953,False
2017-06-28,1.0,noise,,V,True,True,0.024420182009341693,0.0,False
2017-07-19,0.0,good,,V,False,False,0.04044633043545706,0.056960803416233816,False
2017-09-16,0.0,good,,V,False,False,0.39151857576325255,4.990233884531079,True
2017-10-15,2.0,noise,,V,True,True,0.0050718058625038665,0.0,False
2017-11-25,11.0,noise,,V,True,True,0.229320396316244,1.4206948711798502,False
2017-11-26,8.0,good,,V,False,False,0.10332249498260758,0.0,False
2017-12-12,15.0,good,,V,False,False,0.01610541715695264,0.6744907594765952,False
2017-12-22,17.0,good,,V,False,False,0.033856665339137997,0.6744907594765952,False
2017-12-28,16.0,good,,V,False,False,0.0008721180394342936,1.9401457648322717,False
2018-01-06,13.0,good,,V,False,False,0.1493490140278433,20.182946528282013,True
2018-01-11,13.0,good,,V,False,False,0.04708590779689713,4.437511760606577,True
2018-01-14,12.0,good,,V,False,False,0.002450765888486625,3.457040699282295,True
2018-01-21,15.0,good,,V,False,False,0.046838090677692394,0.2065119307360635,False
2018-01-26,36.0,good,,V,False,False,0.061314007679342954,0.2001467289221752,False
2018-01-28,30.0,good,,V,False,False,0.013009429497594274,0.6744907594765952,False
2018-02-08,19.0,good,,V,False,False,0.017525939667441884,1.6729556949583153,False
2018-02-09,19.0,good,,V,False,False,0.02566011137178366,0.0,False
2018-02-13,20.0,good,,V,False,False,0.10042802144325308,0.37561674228680164,False
2018-02-17,18.0,good,,V,False,False,0.09575487172797674,0.0,False
2018-02-26,43.0,good,,V,False,False,0.010516741299881876,2.3238881765397537,False
2018-04-10,40.0,good,,V,False,False,0.0594219835069417,0.3386778146376194,False
2018-04-13,41.0,good,,V,False,False,0.023819565016804815,0.6744907594765952,False
2018-05-06,5.0,good,,V,True,False,0.051975313539903485,0.0,False
2018-05-11,6.0,good,,V,True,False,0.009625731013596378,0.0,False
2018-05-12,6.0,good,,V,True,False,0.005926437060802778,0.30655452233497127,False
2018-05-19,1.0,noise,SNWD 1 but WTEQ 0,V,True,True,0.00020897318502588474,0.8559133319214653,False
2018-05-20,1.0,noise,,V,True,True,0.005005334356245298,0.0,False
2018-06-03,0.0,good,,V,False,False,0.023706194863873275,0.0,False
2018-06-05,1.0,noise,,V,True,True,0.001146088453851747,0.7260303631339002,False
2018-06-20,0.0,good,,V,False,False,0.0006988925820708113,1.0434539278044568,False
2018-06-26,0.0,good,,V,False,False,0.0004182920134039079,0.6756948042871961,False
2018-07-03,0.0,good,,V,False,False,0.004547657047691597,0.0,False
2018-09-17,1.0,noise,,V,True,True,0.0064908819170099614,0.7088247657366089,False
2018-09-21,0.0,good,,V,False,False,0.015031128242170724,0.0,False
2018-10-16,1.0,noise,,V,True,True,0.01943694497310377,0.6744907594765952,False
2018-10-22,2.0,noise,,V,True,True,0.034701940210581955,0.0979806561047795,False
2018-10-23,2.0,noise,,V,True,True,0.035250477516714444,0.6744907594765952,False
2018-10-27,1.0,noise,,V,True,True,0.05567603729629466,1.334090015006235,False
2018-10-29,1.0,noise,,V,True,True,0.044865093626047695,0.6834937987853641,False
2018-10-30,1.0,noise,,V,True,True,0.016296843382158182,0.9456849828305722,False
2018-11-01,1.0,noise,,V,True,True,0.0044693993831600685,0.6656063089786382,False
2018-11-17,2.0,noise,,V,True,True,0.0010674359969655885,0.7791743203342238,False
2018-11-24,14.0,good,,V,False,False,0.0276123636969939,0.0,False
2018-11-30,25.0,good,,V,False,False,0.18055537773502944,2.4212525327412746,False
2018-12-13,25.0,good,,V,False,False,0.022214870854160032,1.0168210307490404,False
2018-12-18,27.0,good,,V,False,False,0.005990967554755486,0.3720256280635954,False
2018-12-28,34.0,good,,V,False,False,0.030326542931367807,0.0,False
2018-12-31,33.0,good,,V,False,False,0.061276088008318394,2.7085747905120354,False
2019-01-12,62.0,good,,V,False,False,0.11174367245409662,1.160256911126157,False
2019-01-23,88.0,good,,E,False,False,0.06100749559653005,0.0,False
2019-01-27,81.0,good,,V,False,False,0.014873138713560326,0.6744907594765952,False
2019-01-30,77.0,good,,V,False,False,0.036672715740807715,0.18893149381017785,False
2019-02-14,130.0,good,,V,False,False,0.01780158312015675,1.0279887866041075,False
2019-02-19,143.0,good,,V,False,False,0.020273943043236185,4.85000733540602,True
2019-02-21,140.0,good,,V,False,False,0.073757230146254,2.0631108794799027,False
2019-03-11,159.0,good,,V,False,False,0.10253977720242036,0.40428802911823397,False
2019-04-01,142.0,good,,V,False,False,0.058776967880445556,0.6744907594765952,False
2019-04-21,119.0,good,,V,False,False,0.0691460343865376,5.181522413070017,True
2019-05-08,76.0,good,,V,False,False,0.029999468031567694,2.234197492407689,False
2019-07-01,0.0,good,,V,False,False,0.014478262444792537,0.5018384626475282,False
2019-07-08,1.0,noise,,V,True,True,0.0022018278077274144,1.2264817127758791,False
2019-07-13,0.0,good,,V,False,False,0.017168960417827752,0.0,False
2019-09-22,1.0,noise,,V,True,True,0.001102717635483459,0.6442391683650058,False
2019-09-30,2.0,noise,,V,False,True,0.30915288688955617,0.6957115325165489,False
2019-10-06,1.0,noise,,V,True,True,0.05766226282878647,0.0,False
2019-10-15,1.0,noise,,V,True,True,0.0016483404301795093,0.5006633413080382,False
2019-10-26,1.0,noise,,V,True,True,0.10275479901798434,0.0,False
2019-10-29,2.0,noise,,V,True,True,0.19045547528557874,38.56677697183478,True
2019-11-06,1.0,noise,,V,True,True,0.0022827974713813797,0.6744907594765952,False
2019-11-13,1.0,noise,,V,True,True,0.003832467938788632,1.760198401076683,False
2019-11-14,1.0,noise,,V,True,True,0.016016476856162414,1.2416906427562744,False
2019-11-16,1.0,noise,,V,True,True,0.009458947266429452,0.26902556043709835,False
2019-12-11,41.0,good,,V,False,False,0.017400238258750575,0.4349516861927743,False
2020-01-28,61.0,good,,V,False,False,0.10705124731017193,1.0349225481385205,False
2020-02-08,53.0,good,,V,False,False,0.02375807375684901,0.0,False
2020-02-10,53.0,good,,V,False,False,0.0449980473402205,8.157779728703133,True
2020-02-11,53.0,good,,V,False,False,0.004144403040882997,0.8123518293657389,False
2020-02-23,46.0,good,,V,False,False,0.0019258032958259913,0.41165187431824174,False
2020-03-22,73.0,good,,V,False,False,0.02321256170727224,0.6935691508868328,False
2020-04-14,58.0,good,,V,False,False,0.016753888413081782,0.7109962415442288,False
2020-04-23,40.0,good,,V,False,False,0.04737449181517685,0.0,False
2020-05-01,15.0,good,,V,False,False,0.07174465174639244,0.6744907594765952,False
2020-05-04,8.0,good,,V,True,False,0.03775860802418132,0.8942628155216359,False
2020-05-19,1.0,noise,,V,False,True,0.006174786609268048,0.90390577852092,False
2020-05-23,1.0,noise,,V,True,True,0.002496925886033472,0.8390047329889437,False
2020-05-30,0.0,good,,V,False,False,0.006048820844846515,1.7526507424104179,False
2020-06-03,0.0,good,,V,False,False,0.018136065790909782,0.09899817844545858,False
2020-06-16,1.0,noise,,V,True,True,0.0024291510460956903,0.863691123999085,False
2020-06-19,0.0,good,,V,False,False,0.06543110919458263,0.2957446466995331,False
2020-07-30,95.0,noise,Random spike at 95.0 with no data either side,S,True,True,0.09814223678156363,inf,True
2020-09-12,0.0,good,,V,False,False,0.02980885821170735,0.6744907594765952,False
2020-09-13,0.0,good,,V,False,False,0.012094170234695131,0.6744907594765952,False
2020-09-15,57.0,noise,Big spike of 57 SNWD,S,True,True,0.42092467512009896,3.4698669483642357,True
2020-09-16,61.0,noise,Continuing the big spike now at 61 SNWD,S,True,True,0.5387305304887046,4.828687223766568,True
2020-09-17,57.0,noise,"Continuing spike now at 57 SNWD again, next day it drops to 0",S,True,True,0.3643647720243633,7.745921552424439,True
2020-10-03,1.0,noise,,V,True,True,0.005319175524359097,0.8559629733141362,False
2020-10-06,3.0,noise,,V,True,True,0.017482399255357408,0.24847857733607293,False
2020-10-08,2.0,noise,,V,True,True,0.07140203104253282,3.99306734746741,True
2020-10-15,1.0,noise,,V,True,True,0.03680574643250042,5.296216588916568,True
2020-10-17,1.0,noise,,V,True,True,0.0004711296942092399,0.3813837170030961,False
2020-10-21,0.0,good,,V,False,False,0.020004821599107103,0.0,False
2020-10-31,2.0,noise,,V,True,True,0.01757932289132011,1.2985345894993692,False
2020-11-18,18.0,good,,V,False,False,0.14326283415727176,0.623577489656,False
2020-11-23,14.0,good,,V,False,False,0.002047233493464179,0.6417325865520356,False
2020-12-15,21.0,good,,V,False,False,0.035059664291004156,0.06720622957492636,False
2021-01-04,37.0,good,,V,False,False,0.037231771446776966,0.0,False
2021-01-11,34.0,good,,V,False,False,0.04342682810084356,0.6744907594765952,False
2021-01-16,30.0,good,,V,False,False,0.09000660444707967,0.6744907594765952,False
2021-01-23,32.0,good,,V,False,False,0.03709703661693541,0.15704831337979996,False
2021-02-04,75.0,good,,V,False,False,0.0252418540266296,0.0,False
2021-02-21,72.0,good,,V,False,False,0.02267376378046726,0.39529032518637774,False
2021-03-11,73.0,good,,V,False,False,0.005079113162250275,0.6744907594765952,False
2021-03-29,62.0,good,,V,False,False,0.025100879557798036,0.0,False
2021-04-09,36.0,good,,V,False,False,0.01903056464534261,0.3949640053550262,False
2021-04-16,24.0,good,,V,True,False,0.014003749945985718,0.6744907594765952,False
2021-04-26,7.0,good,,V,True,False,0.014720081981592876,1.5985892997688242,False
2021-07-15,0.0,good,,V,False,False,0.08430616151974366,8.486245943600819,True
2021-07-21,0.0,good,,V,False,False,0.023370203399031366,0.6744907594765952,False
2021-09-02,1.0,noise,,V,True,True,0.05047151876708267,8.214575576310585,True
2021-09-19,1.0,noise,,V,True,True,0.0446482116122857,11.452275334211627,True
2021-09-23,0.0,good,,V,False,False,0.0989083326922469,29.89071518767903,True
2021-09-30,2.0,noise,,V,True,True,0.010306120478188307,0.3859092136283174,False
2021-10-05,1.0,noise,,V,True,True,0.042767903334759036,4.548582779416415,True
2021-10-10,0.0,good,,V,False,False,0.0007536065455580761,2.0591291948621357,False
2021-10-28,10.0,good,,V,False,False,0.04219300403634126,0.6744907594765952,False
2021-10-31,4.0,good,,V,False,False,0.009281550683406034,0.6744907594765952,False
2021-11-02,2.0,good,,V,False,False,0.0504128888469963,2.4332411982110758,False
2021-11-04,1.0,noise,,V,True,True,0.12260893682575232,1.3212093660548325,False
2021-11-23,4.0,noise,,V,True,True,0.0211955530446188,0.6744907594765952,False
2021-12-01,1.0,noise,,V,True,True,0.012949307322704965,0.5859206407442631,False
2021-12-05,1.0,noise,,V,True,True,0.012106276945058411,0.03196099169691962,False
2022-01-04,94.0,good,,V,False,False,0.5360096981403004,4.065044964563076,True
2022-01-05,90.0,good,,V,False,False,0.16177379515997575,0.24949654667047177,False
2022-01-09,86.0,good,,V,False,False,0.1001724554827741,0.6744907594765952,False
2022-01-19,75.0,good,,V,False,False,0.06407253784176696,81.76608722201549,True
2022-01-27,70.0,good,,V,False,False,0.012337975104237304,1.724828514239731,False
2022-02-01,67.0,good,,V,False,False,0.03886195048655124,0.6744907594765952,False
2022-02-09,63.0,good,,V,False,False,0.24150908912010635,3.875140596530255,True
2022-02-13,58.0,good,,V,False,False,0.008651265752456729,0.6744907594765952,False
2022-02-19,54.0,good,,V,False,False,0.022961011340347354,0.6744907594765952,False
2022-03-13,50.0,good,,V,False,False,0.00792917262999296,0.4284604842459588,False
2022-03-19,51.0,good,,V,False,False,0.00432365031361784,0.23759225919702023,False
2022-03-21,45.0,good,,V,False,False,0.24039531140577777,6.755365140251895,True
2022-04-04,22.0,good,,V,False,False,0.062361499135002066,1.8934571333905499,False
2022-04-14,32.0,good,,V,False,False,0.0811431541759845,0.10206797892402243,False
2022-04-21,49.0,good,,V,False,False,0.20584167156588476,11.27346635277943,True
2022-05-04,6.0,good,,V,True,False,0.100176163817463,0.2196263758825242,False
2022-05-20,3.0,noise,,V,True,True,0.005848086882146918,0.9745853624593416,False
2022-09-21,59.0,noise,Random SNWD spike at 59 for 2 days,S,True,True,0.4653554273882733,4.681525356834921,True
2022-09-22,59.0,noise,Same spike as before,S,True,True,0.10663034339523195,1.9745993152382646,False
2022-09-23,0.0,good,,V,False,False,0.16978323171082987,0.385174883712672,False
2022-09-30,0.0,good,,V,False,False,0.07952365861130171,0.0,False
2022-10-13,0.0,good,,V,False,False,0.003646048367583533,0.6926076520703143,False
2022-10-25,0.0,good,,V,False,False,0.06444764981225436,1.0982826454881502,False
2022-10-31,0.0,good,,V,False,False,0.08091832363803507,1.0382555424944933,False
2022-11-30,8.0,good,,V,False,False,0.013180744945494123,1.7136905992004583,False
2022-12-12,70.0,good,,V,False,False,0.14930411385139822,0.2856479303583105,False
2022-12-28,49.0,good,,V,False,False,0.04667716040500878,0.4165203507069142,False
2023-01-06,76.0,good,,V,False,False,0.0711453644619442,0.22350713510472472,False
2023-01-11,105.0,good,,V,False,False,0.5075961707509875,7.294004411089081,True
2023-01-16,125.0,good,,V,False,False,0.13622541022165352,0.11092714969593885,False
2023-01-28,103.0,good,,V,False,False,0.0570687400445284,0.0,False
2023-03-01,164.0,good,,S,False,False,0.21596631441894545,0.6744907594765952,False
2023-03-02,153.0,good,,V,False,False,0.14874442902388846,0.0,False
2023-03-06,169.0,good,,V,False,False,0.09342382996101405,0.09600242528784902,False
2023-03-11,171.0,good,,V,False,False,0.282384134362615,0.2992652219281477,False
2023-03-24,167.0,good,,V,False,False,0.8958330151206344,inf,True
2023-04-24,127.0,good,,V,False,False,0.02387489944911691,1.1092779631063012,False
2023-05-03,104.0,good,,V,False,False,0.043395086763823594,0.0,False
2023-05-07,113.0,good,,V,False,False,0.0008200563805404359,3.5867082869982285,True
2023-05-18,83.0,good,,V,False,False,0.036816865361078824,0.5129357412694113,False
2023-05-21,73.0,good,,V,False,False,0.034271843700102,0.02823210902607767,False
2023-05-27,53.0,good,,V,True,False,0.010872187359742786,0.2321016175386734,False
2023-06-02,33.0,good,,V,True,False,0.036393903538168376,0.0,False
2023-06-23,0.0,good,,V,False,False,0.012792861315007576,0.75739883582218,False
2023-07-10,0.0,good,,V,False,False,0.03756610759265686,2.857478534852608,False
2023-08-19,0.0,good,,V,False,False,0.006633803483167134,0.6744907594765952,False
2023-08-28,0.0,good,,V,False,False,0.0027422560069720555,0.12541176948996066,False
2023-08-29,0.0,good,,V,False,False,0.038881171630580844,6.057831083870183,True
2023-09-25,0.0,good,,V,False,False,0.024553922264484624,3.5821604351839653,True
